City_ID,City,Country,Lat,Lng,Max Temp,Humidity,Cloudiness,Wind Speed,Current Description
0,East London,ZA,-33.0153,27.9116,54.48,57,4,7.36,clear sky
1,Qaanaaq,GL,77.484,-69.3632,32.56,82,55,1.83,broken clouds
2,Vaini,TO,-21.2,-175.2,75.36,73,40,2.3,scattered clouds
3,Yellowknife,CA,62.456,-114.3525,63.12,63,40,4.61,scattered clouds
4,Hilo,US,19.7297,-155.09,86.29,63,1,11.5,clear sky
5,Port Alfred,ZA,-33.5906,26.891,54.45,71,1,8.9,clear sky
6,Katsuura,JP,35.1333,140.3,71.71,82,95,13.04,overcast clouds
7,Constitucion,CL,-35.3333,-72.4167,54.63,86,100,9.86,overcast clouds
8,Rikitea,PF,-23.1203,-134.9692,75.27,77,75,13.47,broken clouds
9,Diego De Almagro,CL,-26.3667,-70.05,57.0,70,0,1.28,clear sky
10,Sao Sebastiao,BR,-23.76,-45.4097,71.31,92,22,7.38,few clouds
11,Havre-Saint-Pierre,CA,50.2334,-63.5986,57.56,82,1,10.36,clear sky
12,Bluff,NZ,-46.6,168.3333,49.8,69,100,17.81,overcast clouds
13,Purranque,CL,-40.9167,-73.1667,45.73,95,30,2.71,scattered clouds
14,New Norfolk,AU,-42.7826,147.0587,50.92,64,100,3.0,overcast clouds
15,Poso,ID,-1.3959,120.7524,83.16,70,55,3.51,broken clouds
16,Ushuaia,AR,-54.8,-68.3,31.66,86,40,5.75,scattered clouds
17,Ponferrada,ES,42.5466,-6.5962,55.08,87,1,1.01,clear sky
18,Praia Da Vitoria,PT,38.7333,-27.0667,64.76,82,20,4.81,few clouds
19,Port Lincoln,AU,-34.7333,135.8667,61.39,77,92,15.21,overcast clouds
20,Auki,SB,-8.7676,160.7034,85.08,66,96,2.06,overcast clouds
21,Pangnirtung,CA,66.1451,-65.7125,35.53,86,100,5.23,overcast clouds
22,Russkaya Polyana,UA,49.417,31.9201,51.93,92,73,7.09,broken clouds
23,Port Elizabeth,ZA,-33.918,25.5701,48.49,87,0,8.05,clear sky
24,Portland,US,45.5234,-122.6762,80.67,38,75,1.01,broken clouds
25,Mezen,RU,65.8522,44.24,56.95,68,13,5.97,few clouds
26,Nanchang,CN,28.6833,115.8833,71.33,75,13,5.35,few clouds
27,Carnarvon,AU,-24.8667,113.6333,50.07,93,0,9.22,clear sky
28,Punta Arenas,CL,-53.15,-70.9167,33.91,93,90,3.4,mist
29,Tshikapa,CD,-6.4167,20.8,73.54,50,23,2.04,few clouds
30,Mataura,NZ,-46.1927,168.8643,49.48,70,100,5.82,overcast clouds
31,Butaritari,KI,3.0707,172.7902,82.74,67,97,3.44,overcast clouds
32,Kulhudhuffushi,MV,6.6221,73.07,82.08,79,100,17.65,overcast clouds
33,Lebu,CL,-37.6167,-73.65,50.58,84,66,5.21,broken clouds
34,Albany,US,42.6001,-73.9662,77.18,77,58,3.18,broken clouds
35,Iqaluit,CA,63.7506,-68.5145,35.33,80,90,15.99,overcast clouds
36,Pecos,US,31.4229,-103.4932,86.09,26,1,5.75,clear sky
37,Nishihara,JP,26.1842,127.7558,83.86,89,75,13.09,broken clouds
38,Busselton,AU,-33.65,115.3333,54.09,84,94,3.06,overcast clouds
39,Show Low,US,34.2542,-110.0298,84.49,16,20,12.66,few clouds
40,Thompson,CA,55.7435,-97.8558,60.96,72,75,11.5,broken clouds
41,Maridi,SS,4.9158,29.4742,65.89,94,84,3.87,broken clouds
42,Ilulissat,GL,69.2167,-51.1,53.62,37,3,14.97,clear sky
43,Benjamin Constant,BR,-4.3831,-70.0311,77.13,98,86,0.67,overcast clouds
44,Ferme-Neuve,CA,46.7001,-75.4493,74.98,77,78,4.16,broken clouds
45,Tasiilaq,GL,65.6145,-37.6368,39.36,94,100,3.0,light rain
46,Qostanay,KZ,53.1667,63.5833,37.69,81,0,0.0,clear sky
47,Babayurt,RU,43.6002,46.7789,60.13,92,99,1.72,overcast clouds
48,Kampot,KH,10.6167,104.1833,84.25,81,78,8.37,broken clouds
49,Airai,TL,-8.9266,125.4092,66.09,64,67,3.94,broken clouds
50,Karasjok,NO,69.4719,25.5112,44.71,73,55,4.23,broken clouds
51,Avarua,CK,-21.2078,-159.775,78.85,73,75,14.97,light rain
52,Bethel,US,41.3712,-73.414,72.43,85,1,1.01,clear sky
53,Dikson,RU,73.5069,80.5464,29.79,97,100,14.7,light snow
54,Puerto Ayora,EC,-0.7393,-90.3518,73.54,87,84,5.99,broken clouds
55,Yagodnoye,RU,62.55,149.6667,57.65,51,1,9.37,clear sky
56,Shirokiy,RU,49.758,129.523,52.09,95,100,6.15,light rain
57,Barrow,US,71.2906,-156.7887,33.82,86,90,11.5,mist
58,Salalah,OM,17.0151,54.0924,80.69,89,40,3.44,scattered clouds
59,Honningsvag,NO,70.9821,25.9704,43.79,92,99,14.54,overcast clouds
60,Padang,ID,-0.9492,100.3543,77.16,89,100,3.04,overcast clouds
61,Marsh Harbour,BS,26.5412,-77.0636,79.14,81,84,11.59,broken clouds
62,Lavrentiya,RU,65.5833,-171.0,33.28,90,99,6.46,light snow
63,Santa Ana,US,33.7456,-117.8678,95.99,63,20,3.0,few clouds
64,Chigorodo,CO,7.6664,-76.6811,78.06,93,100,2.42,overcast clouds
65,Vostok,RU,46.4856,135.8833,56.66,72,76,5.08,broken clouds
66,Saskylakh,RU,71.9167,114.0833,35.8,78,98,10.6,overcast clouds
67,Khatanga,RU,71.9667,102.5,33.67,93,100,12.01,overcast clouds
68,Souillac,MU,-20.5167,57.5167,72.36,100,75,13.8,light rain
69,Rudbar,AF,30.15,62.6,85.73,16,0,9.6,clear sky
70,Torbay,CA,47.6666,-52.7314,55.67,97,90,23.02,overcast clouds
71,Mehamn,NO,71.0357,27.8492,44.65,92,97,17.69,overcast clouds
72,Russell,US,32.3502,-85.1999,78.51,90,1,4.43,light rain
73,Ancud,CL,-41.8697,-73.8203,47.23,82,34,9.44,light rain
74,Muros,ES,42.7762,-9.0603,55.83,69,10,9.01,clear sky
75,Pevek,RU,69.7008,170.3133,38.41,89,100,7.7,light rain
76,Bhopal,IN,23.2667,77.4,82.92,50,83,4.36,broken clouds
77,Leo,BF,11.1,-2.1,78.46,66,65,12.3,moderate rain
78,Helong,CN,42.5397,128.9972,60.75,68,87,10.76,overcast clouds
79,Olavarria,AR,-36.8927,-60.3225,57.0,71,100,7.54,overcast clouds
80,Zhangjiakou,CN,40.81,114.8794,65.82,31,7,7.0,clear sky
81,Ribeira Grande,PT,38.5167,-28.7,63.77,86,98,7.11,overcast clouds
82,Nanortalik,GL,60.1432,-45.2371,37.69,85,100,4.12,overcast clouds
83,Hobart,AU,-42.8794,147.3294,51.26,63,75,4.0,light rain
84,Santa Cruz,BO,-17.8,-63.1667,77.05,78,40,17.27,scattered clouds
85,Kandi,BJ,11.1342,2.9386,77.76,77,86,9.42,overcast clouds
86,Asau,RO,46.4333,26.4,56.39,86,18,5.46,few clouds
87,Moindou,NC,-21.6924,165.677,76.95,63,77,1.07,broken clouds
88,Upernavik,GL,72.7868,-56.1549,32.49,75,58,9.31,broken clouds
89,Hede,CN,33.7681,120.2517,78.28,45,0,17.49,clear sky
90,Nanning,CN,22.8167,108.3167,72.05,73,97,4.0,overcast clouds
91,Manali,IN,13.1667,80.2667,85.06,84,98,9.1,overcast clouds
92,Port Hardy,CA,50.6996,-127.4199,59.18,88,75,8.05,light rain
93,Arraial Do Cabo,BR,-22.9661,-42.0278,73.76,87,0,14.97,clear sky
94,Yumen,CN,40.2833,97.2,78.39,9,33,9.73,scattered clouds
95,Ostrovnoy,RU,68.0531,39.5131,46.58,76,45,5.17,scattered clouds
96,Najran,SA,17.4924,44.1277,75.85,16,0,2.77,clear sky
97,Lovozero,RU,68.005,35.0117,53.71,69,59,4.32,broken clouds
98,Gwanda,ZW,-20.9333,29.0,45.46,80,4,6.29,clear sky
99,Laguna,US,38.421,-121.4238,101.1,33,1,5.01,clear sky
100,Huilong,CN,31.8111,121.655,73.04,71,86,11.34,overcast clouds
101,Haines Junction,CA,60.7522,-137.5108,62.55,23,38,6.91,scattered clouds
102,Takoradi,GH,4.8845,-1.7554,79.25,85,63,8.41,broken clouds
103,Umm Kaddadah,SD,13.6017,26.6876,83.37,46,99,17.22,overcast clouds
104,Veraval,IN,20.9,70.3667,84.09,69,81,10.89,broken clouds
105,Aklavik,CA,68.2191,-135.0107,47.12,75,75,14.97,broken clouds
106,Chokurdakh,RU,70.6333,147.9167,62.31,61,100,5.91,overcast clouds
107,Hun,LY,29.1268,15.9477,74.52,32,1,5.46,clear sky
108,Jalu,LY,29.0331,21.5482,77.95,28,0,10.27,clear sky
109,Adrar,MR,20.5022,-10.0711,92.1,21,4,23.31,clear sky
110,Mar Del Plata,AR,-38.0023,-57.5575,56.08,84,0,1.01,clear sky
111,Kodiak,US,57.79,-152.4072,54.91,58,40,4.61,scattered clouds
112,Mitsamiouli,KM,-11.3847,43.2844,78.24,74,2,9.51,clear sky
113,Verkhoyansk,RU,67.5447,133.385,80.42,29,89,28.32,overcast clouds
114,Esperance,AU,-33.8667,121.9,51.64,69,15,13.06,few clouds
115,Uvalde,US,29.3669,-99.767,81.52,78,75,7.0,broken clouds
116,Kapaa,US,22.0752,-159.319,81.12,76,90,3.0,light rain
117,Pervoye Maya,RU,56.164,44.7196,51.51,81,0,7.61,clear sky
118,Zhezkazgan,KZ,47.8043,67.7144,47.68,41,85,24.81,overcast clouds
119,Rocha,UY,-34.4833,-54.3333,62.67,98,89,4.21,heavy intensity rain
120,Olinda,BR,-8.0089,-34.8553,76.73,69,40,11.32,scattered clouds
121,Cidreira,BR,-30.1811,-50.2056,65.16,88,15,9.64,few clouds
122,Bara,NG,10.3744,10.7288,79.92,62,98,9.82,overcast clouds
123,Hasaki,JP,35.7333,140.8333,69.19,79,99,12.35,overcast clouds
124,Goundam,ML,16.4145,-3.6708,95.36,13,40,6.26,scattered clouds
125,Abu Dhabi,AE,24.4667,54.3667,87.82,89,0,1.97,clear sky
126,Kahului,US,20.8947,-156.47,87.82,63,20,21.85,few clouds
127,Apucarana,BR,-23.5508,-51.4608,69.93,75,0,5.28,clear sky
128,Roebourne,AU,-20.7833,117.1333,70.27,49,76,15.66,broken clouds
129,Parnamirim,BR,-5.9156,-35.2628,76.89,78,20,5.75,few clouds
130,Mosquera,CO,4.7059,-74.2302,53.29,95,99,2.53,overcast clouds
131,Atuona,PF,-9.8,-139.0333,79.32,80,28,18.66,light rain
132,Hermanus,ZA,-34.4187,19.2345,52.9,81,5,10.98,clear sky
133,Nanzhang,CN,31.7765,111.8386,77.68,46,0,1.01,clear sky
134,Marrakesh,MA,31.6315,-8.0083,66.27,63,0,5.75,clear sky
135,Brownsville,US,25.9018,-97.4975,78.91,87,75,1.01,broken clouds
136,Kruisfontein,ZA,-34.0033,24.7314,47.7,76,0,4.65,clear sky
137,Champasak,LA,14.75,106.0,77.11,94,84,2.17,broken clouds
138,Camana,PE,-16.6228,-72.7111,63.84,82,2,2.8,clear sky
139,Vardo,NO,70.3705,31.1107,44.11,94,92,3.87,overcast clouds
140,Darhan,MN,49.4867,105.9228,67.66,39,12,7.05,few clouds
141,Sitka,US,57.0531,-135.33,55.29,54,90,9.22,light rain
142,Lata,PT,40.1629,-8.3327,58.82,89,78,2.17,broken clouds
143,Yerbogachen,RU,61.2767,108.0108,47.66,81,100,5.3,overcast clouds
144,Yarada,IN,17.65,83.2667,82.72,94,20,12.21,mist
145,Cherskiy,RU,68.75,161.3,67.62,31,100,17.18,overcast clouds
146,Alofi,NU,-19.0595,-169.9187,78.69,83,65,14.97,broken clouds
147,Saldanha,ZA,-33.0117,17.9442,46.45,56,91,5.91,overcast clouds
148,Kununurra,AU,-15.7667,128.7333,75.18,31,58,13.8,broken clouds
149,Nikolskoye,RU,59.7035,30.7861,55.29,77,2,1.7,clear sky
150,Fortuna,US,40.5982,-124.1573,63.93,69,1,5.99,clear sky
151,Zyryanka,RU,65.75,150.85,71.94,27,83,25.7,broken clouds
152,Moldova Sulita,RO,47.6833,25.25,42.31,94,9,2.77,clear sky
153,Kinsale,IE,51.7075,-8.5306,55.24,100,90,7.7,fog
154,Faanui,PF,-16.4833,-151.75,80.22,78,70,9.62,moderate rain
155,Usinsk,RU,65.9939,57.5281,55.49,51,76,13.02,broken clouds
156,Lebedinyy,RU,58.5167,125.5167,66.25,35,4,5.79,clear sky
157,Port Blair,IN,11.6667,92.75,83.08,78,100,5.21,overcast clouds
158,Tibati,CM,6.4667,12.6333,64.83,97,100,1.32,light rain
159,Lima,PE,-12.0432,-77.0282,64.65,93,2,11.5,clear sky
160,Fiumicino,IT,41.7675,12.2291,72.01,68,0,4.61,clear sky
161,Tura,IN,25.5198,90.2201,74.68,93,20,5.55,few clouds
162,Cabo San Lucas,MX,22.8909,-109.9124,95.81,51,5,11.9,clear sky
163,Tomatlan,MX,19.9333,-105.25,89.19,49,69,9.26,broken clouds
164,Saint-Philippe,RE,-21.3585,55.7679,72.95,85,39,10.87,light rain
165,Te Anau,NZ,-45.4167,167.7167,55.18,79,100,9.86,overcast clouds
166,Bandarbeyla,SO,9.4942,50.8122,79.36,77,1,21.34,clear sky
167,San Quintin,MX,30.4833,-115.95,67.66,67,3,8.61,clear sky
168,Cape Town,ZA,-33.9258,18.4232,56.1,77,0,4.83,clear sky
169,Zarate,AR,-34.0981,-59.0286,64.2,98,100,2.28,overcast clouds
170,Aksu,CN,41.1231,80.2644,72.84,27,29,1.25,scattered clouds
171,Punta Cardon,VE,11.6581,-70.215,80.28,80,100,29.86,overcast clouds
172,Jining,CN,35.405,116.5814,76.89,39,21,7.38,few clouds
173,Bambous Virieux,MU,-20.3428,57.7575,72.21,100,75,16.49,moderate rain
174,Kushima,JP,31.4583,131.2333,68.04,86,100,4.76,overcast clouds
175,Ponta Do Sol,PT,32.6667,-17.1,66.0,68,36,7.0,scattered clouds
176,Khao Wong,TH,16.7001,104.0902,83.01,76,100,4.36,overcast clouds
177,Poum,NC,-20.2333,164.0167,75.34,67,86,5.23,overcast clouds
178,Tuatapere,NZ,-46.1333,167.6833,49.82,68,100,10.25,overcast clouds
179,Zheleznodorozhnyy,RU,55.7503,38.0042,59.41,74,61,6.71,broken clouds
180,Roald,NO,62.5833,6.1333,62.17,100,0,3.44,clear sky
181,Tuktoyaktuk,CA,69.4541,-133.0374,39.2,81,90,13.8,overcast clouds
182,La Rioja,ES,42.25,-2.5,49.48,88,100,2.21,overcast clouds
183,Pombia,IT,45.653,8.6336,70.14,69,0,2.3,clear sky
184,Boende,CD,-0.2167,20.8667,73.38,77,47,1.86,scattered clouds
185,Labuhan,ID,-6.8844,112.2051,80.06,83,12,6.64,few clouds
186,Tiksi,RU,71.6872,128.8694,37.83,86,100,6.53,overcast clouds
187,San Patricio,US,28.017,-97.5169,84.29,73,43,6.38,scattered clouds
188,Skjervoy,NO,70.0311,20.9714,46.24,94,88,6.2,overcast clouds
189,Cayenne,GF,4.9333,-52.3333,81.09,85,0,3.0,clear sky
190,Mvangue,CM,2.9667,11.5167,67.55,99,78,2.51,light rain
191,Taixing,CN,32.1667,120.0136,77.0,56,67,12.08,broken clouds
192,Guerrero Negro,MX,27.9769,-114.0611,71.67,55,9,16.44,clear sky
193,Georgetown,MY,5.4112,100.3354,81.9,91,20,3.0,few clouds
194,Hami,CN,42.8,93.45,81.34,23,62,14.58,broken clouds
195,Huarmey,PE,-10.0681,-78.1522,65.48,86,4,9.06,clear sky
196,Krasnogorskoye,RU,52.2953,86.1979,40.87,94,99,17.54,moderate rain
197,Pochutla,MX,15.7432,-96.4661,89.42,68,84,5.57,broken clouds
198,Guspini,IT,39.5406,8.6294,71.71,61,99,2.26,light rain
199,Trinidad,BO,-14.8333,-64.9,82.38,83,75,0.0,broken clouds
200,Anshun,CN,26.25,105.9333,61.99,63,14,2.28,few clouds
201,Khomutovo,RU,52.4658,104.4025,59.61,43,18,3.24,few clouds
202,Bac Lieu,VN,9.285,105.7244,83.8,78,96,10.0,overcast clouds
203,Geraldton,AU,-28.7667,114.6,46.81,87,0,6.82,clear sky
204,Domoni,KM,-12.2569,44.5319,76.75,81,16,11.48,few clouds
205,Puerto Cabezas,NI,14.0351,-83.3888,85.96,79,75,4.61,broken clouds
206,Dakar,SN,14.6937,-17.4441,77.88,83,14,6.91,few clouds
207,Casper,US,42.8666,-106.3131,93.79,13,1,7.0,clear sky
208,Isangel,VU,-19.55,169.2667,80.71,74,40,6.49,scattered clouds
209,Hithadhoo,MV,-0.6,73.0833,81.86,78,100,16.93,overcast clouds
210,Dasoguz,TM,41.8363,59.9666,80.71,26,0,8.39,clear sky
211,San Cristobal,VE,7.7669,-72.225,73.58,94,87,2.89,overcast clouds
212,Angoram,PG,-4.0625,144.0661,83.57,79,94,2.24,overcast clouds
213,Daru,PG,-9.0763,143.2092,80.37,73,99,11.83,overcast clouds
214,Petropavlovsk-Kamchatskiy,RU,53.0452,158.6483,52.21,55,100,4.43,overcast clouds
215,Meadow Lake,US,34.8014,-106.5436,86.32,21,17,3.8,few clouds
216,Bengkulu,ID,-3.8004,102.2655,74.93,92,97,4.23,light rain
217,Sao Filipe,CV,14.8961,-24.4956,74.61,73,54,12.33,broken clouds
218,Grindavik,IS,63.8424,-22.4338,48.15,100,75,6.8,broken clouds
219,Canakkale,TR,40.0833,26.8333,51.48,79,9,2.26,clear sky
220,Rundu,NA,-17.9333,19.7667,46.4,47,0,7.11,clear sky
221,Teeli,RU,51.0333,90.2333,61.48,70,93,0.63,overcast clouds
222,Chuy,UY,-33.6971,-53.4616,62.2,98,72,7.96,moderate rain
223,Bredasdorp,ZA,-34.5322,20.0403,52.29,100,2,3.78,clear sky
224,Broome,US,42.2506,-75.833,74.17,44,17,1.83,few clouds
225,Sistranda,NO,63.7256,8.834,56.89,83,28,11.56,scattered clouds
226,Lagoa,PT,39.05,-27.9833,62.24,89,100,10.18,overcast clouds
227,Kieta,PG,-6.2167,155.6333,84.06,70,79,3.13,light rain
228,Grand Gaube,MU,-20.0064,57.6608,72.37,91,41,1.99,light rain
229,Conceicao Da Barra,BR,-18.5933,-39.7322,72.19,87,65,6.87,broken clouds
230,Kalmunai,LK,7.4167,81.8167,78.22,85,100,4.0,overcast clouds
231,Sindou,BF,10.6667,-5.1667,82.96,60,34,6.35,light rain
232,Talnakh,RU,69.4865,88.3972,31.35,98,100,8.63,light snow
233,Castro,BR,-24.7911,-50.0119,58.01,88,0,3.65,clear sky
234,Narsaq,GL,60.9167,-46.05,38.12,83,99,1.63,overcast clouds
235,Leningradskiy,RU,69.3833,178.4167,34.12,94,71,9.04,broken clouds
236,Jamestown,US,42.097,-79.2353,76.32,64,75,10.36,broken clouds
237,Saint George,US,37.1041,-113.5841,106.27,11,1,1.01,clear sky
238,Kaitangata,NZ,-46.2817,169.8464,56.93,59,99,9.33,overcast clouds
239,Wonthaggi,AU,-38.6044,145.5913,49.71,66,80,16.98,broken clouds
240,Alyangula,AU,-13.8483,136.4192,73.27,73,81,18.54,broken clouds
241,Coolum Beach,AU,-26.5333,153.1,67.33,61,0,10.36,clear sky
242,Lircay,PE,-12.9896,-74.7205,48.74,87,75,2.8,broken clouds
243,Berezovyy,RU,51.6667,135.7,45.21,96,100,9.66,overcast clouds
244,Taoudenni,ML,22.6783,-3.9836,96.22,18,57,12.35,broken clouds
245,Watertown,US,42.3709,-71.1828,73.69,85,1,3.0,clear sky
246,Tevriz,RU,57.509,72.4042,42.6,64,8,7.07,clear sky
247,Axim,GH,4.8699,-2.2405,78.93,86,82,9.17,light rain
248,San Policarpo,PH,12.1791,125.5072,79.86,83,100,4.09,heavy intensity rain
249,Pisco,PE,-13.7,-76.2167,62.02,87,6,3.22,clear sky
250,Ulaangom,MN,49.9811,92.0667,64.47,59,95,5.08,overcast clouds
251,Severo-Kurilsk,RU,50.6789,156.125,45.46,84,100,18.61,overcast clouds
252,Sorland,NO,67.667,12.6934,49.77,88,96,12.66,overcast clouds
253,Sulangan,PH,11.1373,123.7228,83.23,73,100,6.44,light rain
254,Brae,GB,60.3964,-1.353,46.31,84,22,2.39,few clouds
255,Groningen,NL,53.25,6.75,63.05,92,90,1.01,mist
256,Lompoc,US,34.6391,-120.4579,84.78,77,20,9.48,few clouds
257,Shache,CN,38.4167,77.2406,72.52,22,3,10.6,clear sky
258,Chiang Kham,TH,19.5233,100.3,75.11,89,98,0.74,overcast clouds
259,Vestmanna,FO,62.1564,-7.1664,47.32,100,90,14.36,overcast clouds
260,Ust-Ilimsk,RU,58.0006,102.6619,53.02,76,100,5.23,overcast clouds
261,Novyye Gorki,RU,56.7253,41.0601,47.1,89,4,5.59,clear sky
262,Perevolotskiy,RU,51.8763,54.1938,55.67,53,96,18.3,overcast clouds
263,Salto,UY,-31.3833,-57.9667,70.88,93,91,1.99,overcast clouds
264,Abnub,EG,27.2696,31.1511,75.42,38,0,17.22,clear sky
265,North Platte,US,41.1239,-100.7654,89.49,30,1,5.01,clear sky
266,Nome,US,64.5011,-165.4064,36.16,75,75,10.36,broken clouds
267,Virginia Beach,US,36.8529,-75.978,79.02,85,75,9.22,heavy intensity rain
268,Iralaya,HN,15.0,-83.2333,86.09,73,13,10.54,few clouds
269,Adiake,CI,5.2863,-3.304,80.19,87,100,6.73,overcast clouds
270,Richards Bay,ZA,-28.783,32.0377,58.53,81,73,8.32,broken clouds
271,Zeya,RU,53.75,127.2667,63.77,30,36,9.06,scattered clouds
272,Mawlaik,MM,23.6333,94.4167,81.07,72,39,0.11,scattered clouds
273,Pemangkat,ID,1.1667,108.9667,80.29,84,69,4.72,broken clouds
274,Clyde River,CA,70.4692,-68.5914,32.23,86,90,5.75,overcast clouds
275,Koumac,NC,-20.5667,164.2833,77.7,59,79,4.81,broken clouds
276,Dawei,MM,14.0833,98.2,80.91,84,95,0.51,light rain
277,Dapaong,TG,10.8639,0.205,79.05,63,98,7.2,overcast clouds
278,Ureki,GE,41.9956,41.7786,60.76,78,75,4.34,broken clouds
279,Quartz Hill,US,34.6453,-118.2181,100.45,18,1,18.01,clear sky
280,San Matias,BO,-16.3667,-58.4,80.06,38,22,5.57,few clouds
281,Tautira,PF,-17.7333,-149.15,86.02,72,66,12.06,broken clouds
282,Rjukan,NO,59.8789,8.5941,58.05,79,85,2.04,overcast clouds
283,Lulea,SE,65.5842,22.1547,55.47,76,81,2.3,broken clouds
284,Ca Mau,VN,9.1769,105.15,83.37,79,93,5.17,overcast clouds
285,Nouadhibou,MR,20.931,-17.0347,69.78,68,0,23.02,dust
286,Olafsvik,IS,64.8945,-23.7142,48.07,94,100,2.93,overcast clouds
287,Cangzhou,CN,38.3167,116.8667,79.45,22,2,8.23,light rain
288,Sioux Lookout,CA,50.1001,-91.917,86.38,45,75,9.22,broken clouds
289,Longyearbyen,SJ,78.2186,15.6401,33.64,80,75,12.66,broken clouds
290,Camacha,PT,33.0833,-16.3333,62.53,68,40,12.66,scattered clouds
291,Baker City,US,44.7749,-117.8344,86.94,35,1,11.5,clear sky
292,Revelstoke,CA,50.9832,-118.2023,78.82,19,90,11.5,overcast clouds
293,Luderitz,NA,-26.6481,15.1594,70.05,28,0,21.99,clear sky
294,Vanavara,RU,60.34,102.2797,44.2,82,100,6.49,overcast clouds
295,Menongue,AO,-14.6585,17.691,46.38,36,0,4.65,clear sky
296,Tiarei,PF,-17.5333,-149.3333,86.02,72,53,11.25,broken clouds
297,Saint Anthony,US,45.0205,-93.218,96.94,22,1,10.78,clear sky
298,Sanary-Sur-Mer,FR,43.1178,5.8001,69.89,79,48,4.43,scattered clouds
299,Ixtapa,MX,20.7,-105.2,84.22,79,58,5.01,broken clouds
300,Lodja,CD,-3.4833,23.4333,70.34,83,92,1.03,overcast clouds
301,Brokopondo,SR,4.75,-55.1667,77.68,87,70,9.84,broken clouds
302,Gamba,GA,-2.65,10.0,75.4,94,19,4.29,few clouds
303,Belyy Yar,RU,53.6039,91.3903,60.69,94,0,5.46,clear sky
304,Klaksvik,FO,62.2266,-6.589,49.12,97,65,15.77,broken clouds
305,Maceio,BR,-9.6658,-35.7353,74.64,88,20,12.03,few clouds
306,Tokur,RU,53.1333,132.9,41.34,93,100,6.26,overcast clouds
307,Eshowe,ZA,-28.8865,31.4699,48.45,84,82,5.91,broken clouds
308,Helena,US,46.5927,-112.0361,90.59,24,1,18.41,clear sky
309,Slave Lake,CA,55.2834,-114.769,58.98,77,75,5.75,broken clouds
310,Ukiah,US,39.1502,-123.2078,98.13,33,1,10.36,clear sky
311,Bouca,CF,6.5105,18.2733,70.74,96,95,1.77,overcast clouds
312,Vestmannaeyjar,IS,63.4427,-20.2734,47.48,92,100,7.52,overcast clouds
313,Sobolevo,RU,54.4299,31.8996,55.81,74,83,5.32,broken clouds
314,Provideniya,RU,64.3833,-173.3,39.52,61,61,8.5,broken clouds
315,Tagusao,PH,9.1924,117.8141,83.44,77,100,3.94,overcast clouds
316,Garissa,KE,-0.4536,39.6401,74.03,86,37,13.76,scattered clouds
317,Gimli,CA,50.6336,-96.9907,66.22,77,86,11.5,overcast clouds
318,Mahebourg,MU,-20.4081,57.7,72.25,100,75,13.8,moderate rain
319,Pacific Grove,US,36.6177,-121.9166,88.14,82,1,5.01,clear sky
320,Lincoln,US,40.8,-96.667,93.27,27,75,10.36,broken clouds
321,Kemijarvi,FI,66.7131,27.4306,55.27,63,31,6.96,scattered clouds
322,Kavieng,PG,-2.5744,150.7967,84.29,72,39,11.27,scattered clouds
323,Sept-Iles,CA,50.2001,-66.3821,66.72,71,40,1.99,scattered clouds
324,Praya,CV,14.9215,-23.5087,73.94,73,20,20.71,few clouds
325,Tigzirt,DZ,36.8886,4.1198,69.33,86,100,6.85,overcast clouds
326,Broken Hill,AU,-31.95,141.4333,47.91,87,0,0.0,clear sky
327,Erie,US,42.7667,-78.6664,75.34,65,15,8.63,few clouds
328,Fairbanks,US,64.8378,-147.7164,67.03,50,90,11.5,light rain
329,Langsa,ID,4.4683,97.9683,73.35,98,100,1.86,overcast clouds
330,La Romana,DO,18.4273,-68.9728,80.96,78,40,13.8,scattered clouds
331,Ponta Delgada,PT,37.7333,-25.6667,63.32,82,20,2.3,few clouds
332,Zyryanovsk,KZ,49.7386,84.2719,45.41,91,86,11.16,overcast clouds
333,Yulara,AU,-25.2406,130.9889,48.04,71,0,5.75,clear sky
334,Kamaishi,JP,39.2667,141.8833,61.75,57,100,2.8,overcast clouds
335,Shetpe,KZ,44.1667,52.1167,67.26,60,18,10.96,few clouds
336,Loukhi,RU,66.0764,33.0381,59.29,53,8,5.86,clear sky
337,Ketchikan,US,55.3422,-131.6461,49.98,94,100,11.21,moderate rain
338,Stephenville,US,32.2207,-98.2023,77.0,75,75,4.61,broken clouds
339,Lagos,NG,6.5833,3.75,76.21,85,90,1.79,overcast clouds
340,Nagykanizsa,HU,46.4535,16.991,58.59,78,92,5.1,overcast clouds
341,Gorontalo,ID,0.5412,123.0595,81.99,79,91,2.39,overcast clouds
342,Savannah Bight,HN,16.45,-85.85,86.05,83,6,28.63,clear sky
343,Vila Velha,BR,-20.3297,-40.2925,75.15,89,20,4.61,few clouds
344,Phuket,TH,8.0,98.25,86.09,92,75,12.86,broken clouds
345,Tubuala,PA,9.5167,-79.0333,84.31,85,100,6.91,overcast clouds
346,Caravelas,BR,-17.7125,-39.2481,73.26,88,77,6.67,broken clouds
347,Taonan,CN,45.3333,122.7833,61.11,62,94,11.68,overcast clouds
348,Opuwo,NA,-18.0607,13.84,55.22,25,3,8.97,clear sky
349,Acapulco,MX,16.8634,-99.8901,89.42,62,75,6.89,broken clouds
350,Mount Isa,AU,-20.7333,139.5,60.57,55,47,10.36,scattered clouds
351,Yar-Sale,RU,66.8333,70.8333,50.77,59,99,19.42,overcast clouds
352,Marsa Matruh,EG,31.3525,27.2453,70.0,60,0,11.5,clear sky
353,Palmerston,AU,-12.486,130.9833,75.92,55,0,12.57,clear sky
354,Port Hawkesbury,CA,45.6169,-61.3485,67.91,87,75,9.22,broken clouds
355,Voh,NC,-20.9667,164.7,80.28,48,76,4.88,broken clouds
356,Sur,OM,22.5667,59.5289,87.17,64,0,5.79,clear sky
357,Atambua,ID,-9.1061,124.8925,77.5,69,68,3.29,broken clouds
358,Araripe,BR,-7.2125,-40.0461,73.17,66,15,10.85,few clouds
359,Bilma,NE,18.6853,12.9164,92.89,13,3,4.56,clear sky
360,Naze,JP,28.3667,129.4833,72.52,95,100,12.71,light rain
361,Natal,BR,-5.795,-35.2094,77.22,78,20,8.88,few clouds
362,Owando,CG,-0.4819,15.8999,74.01,81,44,2.17,scattered clouds
363,Atbasar,KZ,51.8,68.3333,41.36,58,0,7.36,clear sky
364,Ryotsu,JP,38.0833,138.4333,66.16,79,100,9.55,overcast clouds
365,Saint-Denis,FR,48.9167,2.3333,60.76,86,90,8.05,overcast clouds
366,Payakumbuh,ID,-0.2202,100.6308,69.4,97,100,3.18,overcast clouds
367,Mayya,RU,61.7333,130.2811,70.92,32,12,9.69,few clouds
368,Uddevalla,SE,58.3478,11.9424,57.33,72,61,0.58,broken clouds
369,Namtsy,RU,62.7161,129.6658,71.71,36,12,12.12,few clouds
370,Puerto Narino,CO,-3.7703,-70.3831,76.95,97,70,0.54,broken clouds
371,Namatanai,PG,-3.6667,152.4333,83.82,72,48,6.6,light rain
372,Havoysund,NO,70.9963,24.6622,45.48,96,100,15.88,overcast clouds
373,Hambantota,LK,6.1241,81.1185,78.96,82,97,14.12,moderate rain
374,Otjiwarongo,NA,-20.4637,16.6477,48.72,42,0,14.72,clear sky
375,Linxia,CN,35.6003,103.2064,62.98,36,5,2.51,clear sky
376,Rio Gallegos,AR,-51.6226,-69.2181,28.45,93,40,4.61,scattered clouds
377,Hamilton,US,39.1834,-84.5333,85.05,52,1,5.06,clear sky
378,Les Cayes,HT,18.2,-73.75,79.47,77,51,6.76,broken clouds
379,Udachnyy,RU,66.4167,112.4,48.22,47,52,1.19,broken clouds
380,Umm Lajj,SA,25.0213,37.2685,80.2,72,4,12.71,clear sky
381,Quatre Cocos,MU,-20.2078,57.7625,72.09,84,79,15.75,moderate rain
382,Bolobo,CD,-2.1667,16.2333,74.86,75,50,2.26,scattered clouds
383,Lere,NG,10.387,8.5726,73.74,76,100,2.82,overcast clouds
384,Banda Aceh,ID,5.5577,95.3222,78.22,73,100,11.61,heavy intensity rain
385,Monteagudo,BO,-19.8167,-63.9833,73.18,82,38,3.24,scattered clouds
386,Cedar City,US,37.6775,-113.0619,86.97,15,1,27.63,clear sky
387,Havre,FR,49.5833,0.3333,54.0,87,90,11.18,overcast clouds
388,Palu,ID,-0.8917,119.8707,83.03,74,30,1.59,scattered clouds
389,Olga,RU,43.7444,135.2892,61.92,63,63,6.08,broken clouds
390,Praia,CV,14.9215,-23.5087,73.94,73,20,20.71,few clouds
391,Igarka,RU,67.4667,86.5833,33.98,88,96,8.61,overcast clouds
392,Mapiripan,CO,2.8892,-72.1256,72.68,97,64,2.46,broken clouds
393,Kiama,AU,-34.6833,150.8667,55.99,65,5,7.0,clear sky
394,Verkhnechusovskiye Gorodki,RU,58.1671,57.1086,35.35,80,1,1.52,clear sky
395,Amapa,BR,1.0,-52.0,71.87,98,82,2.3,light rain
396,Byron Bay,AU,-28.65,153.6167,69.06,65,13,14.34,few clouds
397,Cuenca,EC,-2.8833,-78.9833,62.73,59,40,11.5,scattered clouds
398,Dunedin,NZ,-45.8742,170.5036,52.81,58,88,13.0,overcast clouds
399,Bodden Town,KY,19.2833,-81.25,86.0,56,20,1.99,few clouds
400,Bathsheba,BB,13.2167,-59.5167,81.21,65,20,21.03,few clouds
401,Goderich,CA,43.7501,-81.7165,79.12,47,30,9.22,scattered clouds
402,Touros,BR,-5.1989,-35.4608,76.1,80,3,11.48,clear sky
403,Aksha,RU,50.2814,113.2867,65.26,44,10,2.15,clear sky
404,Zhangye,CN,38.9342,100.4517,74.7,13,0,5.06,clear sky
405,San Nicolas,PH,18.1725,120.5953,80.51,83,90,3.44,overcast clouds
406,Fort Nelson,CA,58.8053,-122.7002,69.39,26,75,4.61,broken clouds
407,Half Moon Bay,US,37.4636,-122.4286,86.11,71,90,9.22,mist
408,Beisfjord,NO,68.3751,17.5988,58.05,73,45,2.71,scattered clouds
409,Chibombo,ZM,-14.6569,28.0706,54.25,86,3,6.4,clear sky
410,Stabat,ID,3.761,98.4513,77.2,97,100,1.88,overcast clouds
411,Hobyo,SO,5.3505,48.5268,78.19,83,2,18.34,clear sky
412,Kirkenaer,NO,60.4564,12.0582,57.85,68,46,1.86,scattered clouds
413,San Jose,US,37.3394,-121.895,89.11,48,20,12.66,few clouds
414,La Baule-Escoublac,FR,47.2922,-2.364,57.87,87,1,9.22,clear sky
415,Loa Janan,ID,-0.583,117.095,79.41,87,44,1.7,scattered clouds
416,Pareora,NZ,-44.4871,171.2132,51.19,79,86,11.68,overcast clouds
417,Vredendal,ZA,-31.6683,18.5012,58.26,27,5,6.42,clear sky
418,Esmeraldas,BR,-19.7625,-44.3139,70.66,69,0,6.33,clear sky
419,Severodvinsk,RU,64.5635,39.8302,51.91,63,17,10.13,few clouds
420,Neiafu,TO,-18.65,-173.9833,79.48,73,75,5.75,broken clouds
421,Ayorou,NE,14.7308,0.9174,93.94,19,25,4.5,scattered clouds
422,Victoria,HK,22.2855,114.1577,80.94,84,100,5.99,overcast clouds
423,Tolaga Bay,NZ,-38.3667,178.3,60.84,72,13,11.72,few clouds
424,Torrington,US,41.8007,-73.1212,74.12,88,83,3.06,broken clouds
425,Lasa,IT,46.6166,10.7002,65.28,95,91,2.13,overcast clouds
426,Mata,PT,40.683,-7.4592,55.6,52,48,5.17,scattered clouds
427,Raudeberg,NO,61.9875,5.1352,56.07,90,74,8.79,broken clouds
428,Maragogi,BR,-9.0122,-35.2225,76.28,82,45,10.22,scattered clouds
429,Srednekolymsk,RU,67.45,153.6833,73.56,22,100,23.58,overcast clouds
430,Bahia Blanca,AR,-38.7196,-62.2724,56.23,49,100,5.26,overcast clouds
431,Svetlogorsk,BY,52.6333,29.7333,56.77,77,100,5.79,overcast clouds
432,Biak,ID,-0.9131,122.8766,79.74,79,83,5.88,broken clouds
433,Saint-Augustin,CA,51.226,-58.6502,55.99,89,81,4.99,broken clouds
434,Bonoua,CI,5.2741,-3.595,80.22,88,100,4.74,light rain
435,Kourou,GF,5.1552,-52.6478,81.1,93,63,7.18,broken clouds
436,Hibbing,US,47.4272,-92.9377,92.71,24,1,11.5,clear sky
437,Tokmak,UA,47.2514,35.7058,54.86,83,100,4.21,overcast clouds
438,Lensk,RU,60.7253,114.9278,65.43,56,99,4.14,overcast clouds
439,Sabang,ID,5.8933,95.3214,81.97,63,100,15.55,overcast clouds
440,Balsta,SE,59.5671,17.5278,53.08,77,26,2.15,scattered clouds
441,Saint-Joseph,RE,-21.3667,55.6167,71.96,80,17,6.89,light rain
442,Lakes Entrance,AU,-37.8811,147.981,47.17,54,24,6.38,few clouds
443,Lumeje,AO,-11.55,20.7833,54.68,48,44,6.02,scattered clouds
444,Sola,VU,-13.8833,167.55,79.16,74,54,14.14,broken clouds
445,Port-Gentil,GA,-0.7193,8.7815,78.76,89,40,9.22,scattered clouds
446,Malibu,US,34.005,-118.8101,91.53,80,36,5.99,scattered clouds
447,Korla,CN,41.7597,86.1469,76.5,27,58,9.51,broken clouds
448,Boshkengash,TJ,38.4661,68.8053,73.74,40,0,6.71,clear sky
449,Roma,US,43.2128,-75.4557,80.46,64,1,6.91,clear sky
450,Hofn,IS,64.2539,-15.2082,47.28,99,100,4.88,light rain
451,Bay Roberts,CA,47.5999,-53.2648,56.43,94,100,5.01,overcast clouds
452,Rouvroy,FR,50.3925,2.904,59.0,97,100,9.33,overcast clouds
453,Erzin,TR,36.9559,36.2,69.01,83,0,1.32,clear sky
454,Hrinova,SK,48.5779,19.5257,53.69,91,41,2.66,scattered clouds
455,Djibo,BF,14.1022,-1.6306,97.25,20,31,8.08,scattered clouds
456,Xichang,CN,27.8964,102.2634,63.27,60,96,0.67,light rain
457,Teknaf,BD,20.8624,92.3058,81.82,83,100,2.15,overcast clouds
458,Nunspeet,NL,52.3667,5.7667,66.02,88,100,4.59,overcast clouds
459,Eyl,SO,7.9803,49.8164,78.84,82,8,16.49,clear sky
460,Shimoda,JP,34.6667,138.95,71.96,64,68,6.71,broken clouds
461,Arona,ES,28.0996,-16.681,61.32,57,20,11.16,few clouds
462,Bhigvan,IN,18.3167,74.7667,77.79,72,93,0.29,overcast clouds
463,Bend,US,44.0582,-121.3153,83.48,23,1,1.99,clear sky
464,Vieques,PR,18.425,-65.8329,80.64,78,40,14.9,scattered clouds
465,Komsomolskiy,UZ,40.4272,71.7189,76.42,40,0,4.61,clear sky
466,Dingwall,GB,57.5953,-4.4272,58.06,89,84,1.36,broken clouds
467,Batsfjord,NO,70.6345,29.7185,47.61,87,77,8.77,light rain
468,Bayir,TR,37.2687,28.2167,63.12,61,0,5.35,clear sky
469,Ilhabela,BR,-23.7781,-45.3581,71.89,90,17,7.92,few clouds
470,Anloga,GH,5.7947,0.8973,79.02,79,70,3.87,broken clouds
471,Sal Rei,CV,16.1833,-22.9167,72.16,88,32,21.36,scattered clouds
472,Samarai,PG,-10.6167,150.6667,77.31,92,100,6.44,overcast clouds
473,Khokhlovo,RU,59.1492,37.3998,53.4,80,23,4.97,few clouds
474,Christchurch,NZ,-43.5333,172.6333,59.47,61,75,4.0,broken clouds
475,Hokitika,NZ,-42.7167,170.9667,56.5,72,100,10.51,light rain
476,Dwarka,IN,22.2394,68.9678,83.86,76,94,13.73,overcast clouds
477,Qui Nhon,VN,13.7667,109.2333,85.55,69,88,4.14,overcast clouds
478,Neuquen,AR,-38.9516,-68.0591,53.49,58,0,2.3,clear sky
479,Kargat,RU,55.1956,80.2811,43.12,77,97,17.72,overcast clouds
480,Zhaotong,CN,27.3167,103.7167,57.38,55,88,2.33,overcast clouds
481,Portel,BR,-1.9356,-50.8211,75.72,90,37,3.87,scattered clouds
482,Bahia De Caraquez,EC,-0.6,-80.4167,75.38,85,74,8.12,broken clouds
483,Quartucciu,IT,39.2519,9.1794,73.0,57,0,3.0,moderate rain
484,Pangkalanbuun,ID,-2.6833,111.6167,78.94,85,18,2.04,few clouds
485,Genhe,CN,50.7833,121.5167,59.32,48,98,13.62,overcast clouds
486,Barsovo,RU,61.1667,73.1667,48.33,69,50,9.89,scattered clouds
487,Valdivia,CL,-39.8142,-73.2459,46.49,95,16,1.9,few clouds
488,Mattru,SL,7.6244,-11.8332,77.0,94,99,2.68,overcast clouds
489,Kachug,RU,53.9606,105.8817,67.93,37,29,2.98,scattered clouds
490,Khani,GE,41.9563,42.9566,49.57,83,43,4.16,scattered clouds
491,Santa Cruz Del Norte,CU,23.1539,-81.9236,81.21,76,59,16.6,broken clouds
492,Tambun,ID,-6.2641,107.0712,82.11,100,20,3.22,mist
493,Evensk,RU,61.95,159.2333,41.68,94,100,11.27,overcast clouds
494,Verkhniye Tatyshly,RU,56.2912,55.8575,46.31,67,0,3.69,clear sky
495,Barhi,IN,23.9,80.8,83.41,56,88,6.64,overcast clouds
496,Biloxi,US,30.396,-88.8853,82.45,69,1,4.61,clear sky
497,Dubbo,AU,-32.25,148.6167,42.93,61,90,2.3,overcast clouds
498,New Ulm,US,44.3125,-94.4605,97.41,18,1,13.8,clear sky
499,Ust-Nera,RU,64.5667,143.2,67.62,33,84,3.24,broken clouds
500,San Carlos De Bariloche,AR,-41.1456,-71.3082,37.15,81,40,7.94,scattered clouds
501,Sinnamary,GF,5.3833,-52.95,77.16,91,42,9.64,scattered clouds
502,Havelock,US,34.8791,-76.9013,74.05,92,75,1.01,broken clouds
503,Cururupu,BR,-1.8283,-44.8683,76.1,88,6,3.98,clear sky
504,Presque Isle,US,46.6811,-68.0159,78.78,44,20,9.22,few clouds
505,Dawlatabad,AF,36.4141,64.9053,82.72,15,16,5.41,few clouds
506,Riyadh,SA,24.6877,46.7219,91.45,21,0,0.0,clear sky
507,Comodoro Rivadavia,AR,-45.8667,-67.5,44.46,70,0,12.66,clear sky
508,Phangnga,TH,8.4509,98.5298,85.91,93,99,2.86,overcast clouds
509,Point Fortin,TT,10.1833,-61.6833,78.15,88,100,14.03,overcast clouds
510,Ola,RU,59.5833,151.2833,41.29,93,100,16.2,light rain
511,Carbonia,IT,39.1672,8.5222,72.0,61,100,2.64,moderate rain
512,Freeport,US,40.6576,-73.5832,72.18,91,1,1.99,clear sky
513,Soyo,AO,-6.1349,12.3689,76.93,90,65,7.18,broken clouds
514,Sao Raimundo Das Mangabeiras,BR,-7.0219,-45.4811,79.77,46,21,3.13,few clouds
515,Kyakhta,RU,50.3508,106.4494,66.25,39,40,2.82,scattered clouds
516,Rio Grande,BR,-32.035,-52.0986,61.95,92,35,9.71,scattered clouds
517,Senanga,ZM,-16.1167,23.2667,48.6,45,0,6.08,clear sky
518,El Doncello,CO,1.6782,-75.2847,70.57,97,98,1.95,overcast clouds
519,Valparaiso,CL,-33.0393,-71.6273,60.48,85,100,12.39,mist
520,Birao,CF,10.2849,22.7882,80.47,56,98,3.56,light rain
521,Logansport,US,40.7545,-86.3567,88.03,28,1,17.27,clear sky
522,Ajdabiya,LY,30.7554,20.2263,70.92,38,0,10.6,clear sky
523,Aripuana,BR,-9.1667,-60.6333,78.12,61,100,2.26,overcast clouds
524,Smidovich,RU,48.6,133.8167,56.7,83,100,4.36,overcast clouds
525,Ust-Tsilma,RU,65.441,52.1498,56.89,72,8,3.22,clear sky
526,Paka,MY,4.6374,103.4368,76.93,100,20,5.82,few clouds
527,Nabire,ID,-3.3667,135.4833,81.09,77,98,3.69,overcast clouds
528,Gweru,ZW,-19.45,29.8167,42.89,84,0,11.03,clear sky
529,Ahipara,NZ,-35.1667,173.1667,62.78,70,100,13.96,overcast clouds
530,Mount Gambier,AU,-37.8333,140.7667,46.31,87,75,13.8,broken clouds
531,Anori,BR,-3.7728,-61.6442,75.96,92,48,2.46,scattered clouds
532,Jati,PK,24.3539,68.2671,84.04,71,17,10.65,few clouds
533,Bardiyah,LY,31.7561,25.0865,68.02,67,0,9.24,clear sky
534,Ashford,GB,51.1459,0.8728,58.03,95,100,4.0,overcast clouds
535,Verkhnyaya Sinyachikha,RU,57.976,61.6673,46.67,58,0,5.35,clear sky
536,San Ramon,US,37.7799,-121.978,92.59,50,1,8.99,clear sky
537,Narrabri,AU,-30.3167,149.7833,52.52,93,1,5.75,clear sky
538,Husavik,IS,66.0449,-17.3389,51.71,92,100,4.09,light rain
539,Prince Rupert,CA,54.3161,-130.3201,50.09,93,90,11.5,moderate rain
540,Saintes,FR,45.6667,-0.75,58.69,88,23,7.02,few clouds
541,San Andres,CO,12.5847,-81.7006,86.02,66,40,12.66,scattered clouds
542,Ormara,PK,25.2088,64.6357,83.77,75,73,6.33,broken clouds
543,Liwale,TZ,-9.7667,37.9333,66.6,88,85,3.29,overcast clouds
544,Platanos,GR,37.6667,21.6167,65.7,68,9,3.98,clear sky
545,Grand-Santi,GF,4.25,-54.3833,73.26,98,54,3.22,heavy intensity rain
546,Asosa,ET,10.0667,34.5333,62.28,89,80,2.84,light rain
547,Mecca,SA,21.4267,39.8261,81.73,74,2,4.9,clear sky
548,Omboue,GA,-1.5746,9.2618,76.48,91,43,4.29,scattered clouds
549,Mandera,KE,3.9366,41.867,77.74,67,8,16.02,clear sky
550,Sao Gabriel Da Cachoeira,BR,-0.1303,-67.0892,75.27,89,48,0.67,scattered clouds
551,Ayan,RU,56.45,138.1667,39.36,92,74,9.66,broken clouds
552,Linqiong,CN,30.4159,103.4609,76.78,65,100,2.13,overcast clouds
553,Kawalu,ID,-7.3817,108.2082,72.81,87,28,1.88,scattered clouds
554,Roncesvalles,CO,4.0108,-75.6049,53.08,97,100,1.77,light rain
555,Herat,AF,34.5,62.0,75.81,14,0,7.09,clear sky
556,Richmond,US,37.5538,-77.4603,78.78,89,1,3.0,clear sky
557,Kaura Namoda,NG,12.5898,6.5779,88.79,40,30,14.36,scattered clouds
558,Palmer,US,42.1584,-72.3287,72.75,81,100,3.65,overcast clouds
559,Puerto Del Rosario,ES,28.5004,-13.8627,65.95,63,73,16.11,broken clouds
560,Cabra,ES,37.4725,-4.4421,68.9,66,18,3.0,few clouds
561,Yuzhnyy,RU,53.2542,83.6936,43.18,81,75,12.93,broken clouds
562,Primo Tapia,MX,32.22,-116.9172,84.51,62,9,6.85,clear sky
563,Rantepao,ID,-2.9701,119.8978,75.04,78,68,0.13,broken clouds
564,Aras,ES,42.5617,-2.356,51.06,87,40,3.83,scattered clouds
565,Merauke,ID,-8.4667,140.3333,78.84,77,100,8.61,overcast clouds
566,Jeremie,HT,18.65,-74.1167,80.47,76,35,2.15,scattered clouds
567,Lubbock,US,33.6001,-101.8338,80.38,44,75,8.05,broken clouds
568,Purpe,RU,64.4803,76.6897,40.73,60,100,12.55,overcast clouds
569,Namibe,AO,-15.1961,12.1522,70.2,61,0,1.01,clear sky
570,Buchanan,LR,5.8808,-10.0467,71.56,85,96,6.78,overcast clouds
571,Nadym,RU,65.5333,72.5167,49.98,60,87,15.68,overcast clouds
572,Ucluelet,CA,48.9329,-125.5528,60.96,91,100,1.99,light rain
573,Sokolo,ML,14.7328,-6.1219,98.53,17,39,5.57,scattered clouds
574,Zhigansk,RU,66.7697,123.3711,41.74,86,99,15.77,light rain
575,Yaan,NG,7.3833,8.5667,73.69,95,93,8.03,moderate rain
576,Kuching,MY,1.55,110.3333,77.22,94,20,0.0,few clouds
577,Ulladulla,AU,-35.35,150.4667,55.67,56,4,4.05,clear sky
578,Kavaratti,IN,10.5669,72.642,82.56,79,100,18.9,overcast clouds
579,Banff,CA,51.1762,-115.5698,76.23,15,4,5.75,clear sky
580,Savinskiy,RU,62.9342,40.1361,53.73,71,42,4.12,scattered clouds
581,Obala,CM,4.1667,11.5333,75.07,99,100,3.42,moderate rain
582,Jinchang,CN,38.4953,102.1739,75.07,11,1,7.67,clear sky
583,Vao,NC,-22.6667,167.4833,72.32,77,78,11.41,broken clouds
584,Kamina,CD,-8.7386,24.9906,67.87,55,43,3.15,scattered clouds
585,Mayumba,GA,-3.432,10.6554,75.88,94,57,5.44,broken clouds
586,Bjornevatn,NO,69.6672,29.9847,46.74,87,20,4.61,few clouds
587,Kishanpur,IN,25.65,81.0167,93.33,36,96,9.04,overcast clouds
588,Saint-Georges,GD,12.0564,-61.7485,82.08,78,40,17.27,scattered clouds
589,Oksfjord,NO,70.2396,22.3479,45.52,96,98,6.93,overcast clouds
590,Bull Savanna,JM,17.8868,-77.5902,77.65,80,36,9.78,scattered clouds
591,Tucuma,BR,-0.1833,-50.05,75.96,93,96,5.53,overcast clouds
592,Ende,ID,-8.8432,121.6623,81.01,72,41,1.92,scattered clouds
593,Price,US,39.5994,-110.8107,94.26,10,1,9.22,clear sky
594,Benguela,AO,-12.5763,13.4055,72.68,84,1,1.34,clear sky
595,Tocopilla,CL,-22.092,-70.1979,63.45,76,77,3.8,broken clouds
596,Karak,JO,31.1667,35.75,57.92,75,0,8.5,clear sky
597,Pio Xii,BR,-3.8325,-45.1525,76.17,82,14,4.05,few clouds
598,Wana,PK,32.2989,69.5725,73.89,51,0,2.68,clear sky
599,Sinazongwe,ZM,-17.2614,27.4618,64.18,52,37,4.07,scattered clouds
600,Mogadishu,SO,2.0371,45.3438,78.64,82,55,16.73,broken clouds
601,Leh,IN,34.1667,77.5833,47.05,57,100,2.15,overcast clouds
602,Sangar,RU,63.9242,127.4739,68.29,51,66,10.92,broken clouds
603,Dunda,TZ,-8.1167,34.25,59.29,88,7,2.17,clear sky
604,Diu,IN,20.7141,70.9822,84.0,71,42,10.78,scattered clouds
605,Yatou,CN,37.15,122.3833,74.88,38,5,7.61,clear sky
606,Trairi,BR,-3.2778,-39.2689,77.63,82,0,8.14,clear sky
607,Faya,SA,18.3851,42.4509,68.11,21,42,3.65,scattered clouds
608,Vilyuysk,RU,63.7553,121.6247,63.57,45,89,9.37,overcast clouds
609,Ivanava,BY,52.1451,25.5365,58.08,66,96,3.36,overcast clouds
610,Jiazi,CN,22.8779,116.067,76.77,85,79,5.17,broken clouds
611,Novoseleznevo,RU,55.6821,69.2056,41.02,62,0,6.44,clear sky
612,Elat,IL,29.5581,34.9482,78.64,50,0,5.75,clear sky
613,Hailar,CN,49.2,119.7,58.51,59,89,16.69,overcast clouds
614,Norman Wells,CA,65.282,-126.8329,62.64,45,40,19.57,scattered clouds
615,Netolice,CZ,49.0493,14.197,62.85,82,76,3.42,broken clouds
616,Bhachau,IN,23.2833,70.35,83.53,67,0,11.41,clear sky
617,Svetlaya,RU,46.5389,138.3297,55.78,76,50,11.52,scattered clouds
618,Itoman,JP,26.1247,127.6694,84.58,89,75,14.97,broken clouds
619,Tamale,GH,9.4008,-0.8393,76.64,72,75,6.67,broken clouds
620,Mayo,US,38.8876,-76.5119,82.81,80,20,1.99,few clouds
621,Ewa Beach,US,21.3156,-158.0072,85.98,53,75,13.0,broken clouds
622,Kota Bahru,MY,6.1333,102.2386,78.89,94,20,1.99,few clouds
623,Roblin,CA,51.23,-101.3565,74.46,52,100,8.48,overcast clouds
624,Akureyri,IS,65.6835,-18.0878,51.73,87,90,0.0,overcast clouds
625,Kasangulu,CD,-4.5911,15.1708,77.88,79,12,3.29,few clouds
626,Carutapera,BR,-1.195,-46.02,77.2,89,4,7.25,clear sky
627,Puma,TZ,-5.0,34.7333,58.71,85,68,13.49,broken clouds
628,Mudgee,AU,-32.5943,149.5871,41.05,100,10,0.0,clear sky
629,Talcahuano,CL,-36.7167,-73.1167,53.28,87,0,8.05,clear sky
630,Kholmogory,RU,64.2229,41.656,51.91,65,1,4.52,clear sky
631,Gat,IL,31.61,34.7642,68.68,100,0,0.63,clear sky
632,Severnoye,RU,56.3491,78.3619,41.83,65,5,11.79,clear sky
633,Egvekinot,RU,66.3167,-179.1667,35.01,67,32,4.61,scattered clouds
634,Chicama,PE,-7.8447,-79.1469,64.94,74,85,6.44,overcast clouds
635,Mlowo,TZ,-9.0,32.9833,55.13,90,19,4.61,few clouds
636,Gizo,SB,-8.103,156.8419,83.91,72,79,4.97,broken clouds
637,Missoula,US,47.0166,-113.8009,77.4,32,23,15.26,few clouds
638,Bosaso,SO,11.2842,49.1816,87.96,59,24,3.71,few clouds
639,Pundaguitan,PH,6.3711,126.1689,83.05,74,100,4.76,overcast clouds
640,Vangaindrano,MG,-23.35,47.6,67.51,93,30,5.03,scattered clouds
641,Hovd,MN,48.0056,91.6419,67.26,38,97,13.29,light rain
642,Istra,RU,55.9178,36.8642,59.14,82,76,5.7,broken clouds
643,Lopsmarka,NO,67.3134,14.4493,53.51,80,0,2.3,clear sky
644,Midland,US,31.9974,-102.0779,81.48,45,40,9.22,scattered clouds
645,Suicheng,CN,33.8963,117.9331,75.69,51,0,14.16,clear sky
646,Perth,AU,-31.9333,115.8333,49.66,93,0,5.73,mist
647,Mendi,PG,-6.1761,143.6513,58.37,96,100,0.96,overcast clouds
648,Kapit,MY,2.0167,112.9333,76.55,98,94,0.87,overcast clouds
649,Aswan,EG,24.0934,32.907,80.46,22,0,15.08,clear sky
650,Pervomayskoye,RU,43.919,46.7102,60.84,89,98,4.45,overcast clouds
651,Ubauro,PK,28.1652,69.7289,90.93,48,1,11.86,clear sky
652,Ischia,IT,40.7342,13.9471,71.04,59,46,1.99,scattered clouds
653,Hefei,CN,31.8639,117.2808,72.95,64,0,8.95,light rain
654,Port Said,EG,31.2565,32.2841,71.58,78,20,12.66,few clouds
655,Palora,EC,-1.7,-77.9333,73.51,98,96,0.81,light rain
656,Boueni,YT,-12.9025,45.0761,78.78,74,1,16.13,clear sky
657,Meybod,IR,32.2501,54.0166,87.82,10,16,11.54,few clouds
658,Dhidhdhoo,MV,6.8833,73.1,82.33,79,98,17.4,overcast clouds
659,Sangueya,GN,10.7,-14.3667,77.94,84,79,5.26,broken clouds
660,Nuuk,GL,64.1835,-51.7216,41.61,81,75,13.8,light rain
661,Nsanje,MW,-16.92,35.262,63.88,71,59,5.7,broken clouds
662,Phichit,TH,16.25,100.4167,87.12,67,100,2.57,overcast clouds
663,Lorengau,PG,-2.0226,147.2712,85.19,71,25,7.38,scattered clouds
664,Matthews,US,35.1168,-80.7237,84.58,62,1,0.67,clear sky
665,Muroto,JP,33.2833,134.15,69.84,80,99,5.59,overcast clouds
666,Mbandaka,CD,0.0487,18.2603,71.47,84,75,0.67,broken clouds
667,Mamallapuram,IN,12.6264,80.1722,85.05,75,97,8.14,overcast clouds
668,College,US,64.8569,-147.8028,69.46,51,75,1.01,light rain
669,Berbera,SO,10.4396,45.0143,89.49,55,61,8.37,broken clouds
670,Illapel,CL,-31.6308,-71.1653,58.08,91,100,2.1,light rain
671,Krasnyy Chikoy,RU,50.3643,108.7512,62.65,51,2,3.22,clear sky
672,Pula,HR,44.8683,13.8481,65.26,77,0,3.44,clear sky
673,Bhindar,IN,24.5,74.1833,80.65,49,60,8.03,broken clouds
674,Nisia Floresta,BR,-6.0911,-35.2086,77.38,86,5,7.09,clear sky
675,Tres Arroyos,AR,-38.3739,-60.2798,55.38,61,100,2.35,overcast clouds
676,Berlevag,NO,70.8578,29.0864,45.54,88,88,15.12,light rain
677,Kharp,RU,66.8014,65.8081,49.28,73,24,15.84,few clouds
678,Pontianak,ID,-0.0333,109.3333,78.78,100,75,2.46,mist
679,Denpasar,ID,-8.65,115.2167,78.46,100,20,5.64,few clouds
680,Mandalgovi,MN,45.7625,106.2708,65.59,25,3,3.04,clear sky
681,Betsiamites,CA,48.9413,-68.646,72.0,76,54,5.32,broken clouds
682,Coquimbo,CL,-29.9533,-71.3436,56.93,94,90,4.29,overcast clouds
